"","LATITUDE","LONGITUDE","EVENT_DATE","id","cluster"
"14141",24.809,-107.394,"17/03/2020",13782,3
"14142",19.288,-99.167,"17/03/2020",13783,4
"14143",19.431,-99.153,"19/03/2020",13784,4
"14144",16.862,-99.887,"19/03/2020",13785,4
"14145",19.527,-96.923,"19/03/2020",13786,4
"14146",19.703,-101.192,"19/03/2020",13787,4
"14147",21.161,-86.825,"20/03/2020",13788,1
"14148",20.397,-89.536,"20/03/2020",13789,1
"14149",20.967,-89.624,"20/03/2020",13790,1
"14150",20.69,-88.201,"20/03/2020",13791,1
"14151",16.862,-99.887,"20/03/2020",13792,4
"14152",19.372,-99.158,"20/03/2020",13793,4
"14153",19.484,-99.184,"20/03/2020",13794,4
"14154",25.542,-103.453,"20/03/2020",13795,2
"14155",19.288,-99.167,"21/03/2020",13796,4
"14156",18.462,-97.392,"21/03/2020",13797,4
"14157",17.988,-92.919,"22/03/2020",13798,1
"14158",22.776,-102.572,"23/03/2020",13799,2
"14159",16.862,-99.887,"23/03/2020",13800,4
"14160",19.35,-99.162,"23/03/2020",13801,4
"14161",25.542,-103.453,"23/03/2020",13802,2
"14162",19.527,-96.923,"23/03/2020",13803,4
"14163",16.862,-99.887,"23/03/2020",13804,4
"14164",19.359,-99.093,"23/03/2020",13805,4
"14165",21.122,-101.683,"23/03/2020",13806,2
"14166",18.909,-98.434,"23/03/2020",13807,4
"14167",18.885,-97.728,"23/03/2020",13808,4
"14168",19.932,-97.96,"23/03/2020",13809,4
"14169",18.966,-97.905,"23/03/2020",13810,4
"14170",20.018,-97.521,"23/03/2020",13811,4
"14171",19.044,-98.198,"23/03/2020",13812,4
"14172",18.988,-97.448,"23/03/2020",13813,4
"14173",19.396,-99.098,"24/03/2020",13814,4
"14174",14.911,-92.264,"24/03/2020",13815,1
"14176",19.431,-99.153,"24/03/2020",13816,4
"14177",19.288,-99.167,"24/03/2020",13817,4
"14178",23.2,-106.422,"25/03/2020",13818,2
"14179",19.455,-96.96,"25/03/2020",13819,4
"14180",22.152,-100.977,"25/03/2020",13820,2
"14181",19.243,-103.728,"25/03/2020",13821,2
"14182",31.326,-110.946,"25/03/2020",13822,3
"14183",19.527,-96.923,"25/03/2020",13823,4
"14184",19.431,-99.153,"26/03/2020",13824,4
"14185",22.776,-102.572,"26/03/2020",13825,2
"14186",23.2,-106.422,"26/03/2020",13826,2
"14187",19.431,-99.153,"26/03/2020",13827,4
"14188",17.06,-96.726,"26/03/2020",13828,4
"14189",22.216,-97.858,"26/03/2020",13829,4
"14190",19.538,-99.195,"26/03/2020",13830,4
"14191",19.044,-98.198,"26/03/2020",13831,4
"14192",29.075,-110.959,"26/03/2020",13832,3
"14193",25.422,-101,"26/03/2020",13833,2
"14194",19.431,-99.153,"27/03/2020",13834,4
"14195",19.845,-90.54,"27/03/2020",13835,1
"14196",22.392,-97.937,"27/03/2020",13836,4
"14197",18.922,-99.235,"27/03/2020",13837,4
"14198",20.967,-89.624,"27/03/2020",13838,1
"14199",20.122,-98.737,"27/03/2020",13839,4
"14200",19.19,-96.153,"27/03/2020",13840,4
"14201",22.152,-100.977,"27/03/2020",13841,2
"14202",17.552,-99.501,"27/03/2020",13842,4
"14203",19.483,-99.114,"27/03/2020",13843,4
"14204",19.431,-99.153,"28/03/2020",13844,4
"14205",19.294,-99.657,"28/03/2020",13845,4
"14206",20.692,-90.453,"28/03/2020",13846,1
"14207",16.862,-99.887,"29/03/2020",13847,4
"14208",16.862,-99.887,"30/03/2020",13848,4
"14209",19.313,-98.884,"30/03/2020",13849,4
"14210",19.626,-99.316,"30/03/2020",13850,4
"14211",19.543,-99.235,"30/03/2020",13851,4
"14212",19.479,-99.233,"30/03/2020",13852,4
"14213",19.71,-98.967,"30/03/2020",13853,4
"14214",19.19,-96.153,"30/03/2020",13854,4
"14215",19.19,-96.153,"30/03/2020",13855,4
"14216",19.417,-98.945,"30/03/2020",13856,4
"14217",19.177,-99.488,"30/03/2020",13857,4
"14218",19.372,-99.158,"30/03/2020",13858,4
"14219",20.676,-103.342,"30/03/2020",13859,2
"14220",19.431,-99.153,"30/03/2020",13860,4
"14221",17.552,-99.501,"30/03/2020",13861,4
"14222",19.19,-96.153,"30/03/2020",13862,4
"14223",22.246,-97.837,"30/03/2020",13863,4
"14224",19.286,-99.512,"30/03/2020",13864,4
"14226",19.409,-99.018,"30/03/2020",13865,4
"14227",23.731,-99.151,"30/03/2020",13866,2
"14228",28.637,-106.076,"30/03/2020",13867,3
"14229",19.599,-99.049,"30/03/2020",13868,4
"14230",20.507,-90.242,"30/03/2020",13869,1
"14231",21.122,-101.683,"30/03/2020",13870,2
"14232",20.122,-98.737,"30/03/2020",13871,4
"14233",22.216,-97.858,"30/03/2020",13872,4
"14234",19.513,-98.882,"30/03/2020",13873,4
"14235",19.294,-99.657,"30/03/2020",13874,4
"14236",25.542,-103.453,"30/03/2020",13875,2
"14237",20.967,-89.624,"30/03/2020",13876,1
"14238",19.421,-102.063,"30/03/2020",13877,4
"14239",19.404,-99.528,"30/03/2020",13878,4
"14240",20.673,-101.348,"30/03/2020",13879,2
"14241",21.159,-100.917,"30/03/2020",13880,2
"14242",21.016,-101.254,"30/03/2020",13881,2
"14243",21.122,-101.683,"30/03/2020",13882,2
"14244",22.152,-100.977,"30/03/2020",13883,2
"14245",19.431,-99.153,"31/03/2020",13884,4
"14246",19.431,-99.153,"31/03/2020",13885,4
"14247",26.092,-98.278,"31/03/2020",13886,2
"14248",22.246,-97.837,"31/03/2020",13887,4
"14249",19.19,-96.153,"31/03/2020",13888,4
"14250",18.839,-99.186,"31/03/2020",13889,4
"14251",20.676,-103.342,"31/03/2020",13890,2
"14252",18.502,-98.753,"31/03/2020",13891,4
"14253",19.294,-99.657,"31/03/2020",13892,4
"14254",17.552,-99.501,"01/04/2020",13893,4
"14255",16.862,-99.887,"01/04/2020",13894,4
"14256",17.223,-100.632,"01/04/2020",13895,4
"14257",26.901,-101.417,"01/04/2020",13896,2
"14258",24.809,-107.394,"01/04/2020",13897,3
"14259",20.673,-101.348,"01/04/2020",13898,2
"14260",21.122,-101.683,"01/04/2020",13899,2
"14261",19.841,-98.982,"01/04/2020",13900,4
"14262",16.862,-99.887,"02/04/2020",13901,4
"14263",19.703,-101.192,"02/04/2020",13902,4
"14264",19.423,-102.007,"02/04/2020",13903,4
"14265",29.075,-110.959,"02/04/2020",13904,3
"14266",20.122,-98.737,"02/04/2020",13905,4
"14267",16.862,-99.887,"03/04/2020",13906,4
"14268",19.527,-96.923,"03/04/2020",13907,4
"14269",20.122,-98.737,"03/04/2020",13908,4
"14270",19.431,-99.153,"03/04/2020",13909,4
"14271",20.676,-103.342,"03/04/2020",13910,2
"14272",19.965,-90.226,"03/04/2020",13911,1
"14273",16.862,-99.887,"03/04/2020",13912,4
"14274",27.486,-99.508,"03/04/2020",13913,2
"14275",32.532,-117.019,"03/04/2020",13914,3
"14276",19.19,-96.153,"03/04/2020",13915,4
"14277",16.862,-99.887,"04/04/2020",13916,4
"14278",22.735,-102.366,"04/04/2020",13917,2
"14279",19.431,-99.153,"05/04/2020",13918,4
"14280",21.931,-99.995,"06/04/2020",13919,2
"14281",26.092,-98.278,"06/04/2020",13920,2
"14282",17.552,-99.501,"06/04/2020",13921,4
"14283",22.216,-97.858,"06/04/2020",13922,4
"14284",27.486,-99.508,"06/04/2020",13923,2
"14285",19.527,-96.923,"06/04/2020",13924,4
"14286",19.527,-96.923,"06/04/2020",13925,4
"14287",20.081,-98.368,"06/04/2020",13926,4
"14288",19.431,-99.153,"06/04/2020",13927,4
"14289",19.419,-99.114,"06/04/2020",13928,4
"14290",21.283,-89.664,"06/04/2020",13929,1
"14291",19.599,-99.049,"06/04/2020",13930,4
"14292",20.676,-103.342,"06/04/2020",13931,2
"14293",19.243,-103.728,"06/04/2020",13932,2
"14294",19.431,-99.153,"06/04/2020",13933,4
"14295",19.431,-99.153,"06/04/2020",13934,4
"14296",32.641,-115.476,"06/04/2020",13935,3
"14297",16.862,-99.887,"06/04/2020",13936,4
"14298",26.498,-100.181,"06/04/2020",13937,2
"14299",16.862,-99.887,"07/04/2020",13938,4
"14300",20.122,-98.737,"07/04/2020",13939,4
"14301",19.703,-101.192,"07/04/2020",13940,4
"14302",20.623,-103.246,"07/04/2020",13941,2
"14303",20.081,-98.368,"07/04/2020",13942,4
"14304",20.122,-98.737,"08/04/2020",13943,4
"14305",19.431,-99.153,"08/04/2020",13944,4
"14306",18.099,-94.046,"08/04/2020",13945,1
"14307",21.161,-86.825,"08/04/2020",13946,1
"14308",20.967,-89.624,"08/04/2020",13947,1
"14309",32.641,-115.476,"08/04/2020",13948,3
"14310",16.862,-99.887,"08/04/2020",13949,4
"14311",19.288,-99.167,"08/04/2020",13950,4
"14312",24.149,-110.307,"09/04/2020",13951,3
"14313",22.744,-98.972,"09/04/2020",13952,2
"14314",20.935,-89.558,"09/04/2020",13953,1
"14315",32.641,-115.476,"09/04/2020",13954,3
"14316",19.409,-99.018,"09/04/2020",13955,4
"14317",19.453,-101.732,"09/04/2020",13956,4
"14318",24.149,-110.307,"10/04/2020",13957,3
"14319",26.013,-111.343,"10/04/2020",13958,3
"14320",16.862,-99.887,"10/04/2020",13959,4
"14321",29.075,-110.959,"10/04/2020",13960,3
"14322",22.216,-97.858,"10/04/2020",13961,4
"14323",21.507,-104.894,"13/04/2020",13962,2
"14324",16.862,-99.887,"13/04/2020",13963,4
"14325",19.431,-99.153,"13/04/2020",13964,4
"14326",19.483,-99.114,"13/04/2020",13965,4
"14327",19.419,-99.114,"13/04/2020",13966,4
"14328",22.891,-109.912,"13/04/2020",13967,3
"14329",19.305,-99.242,"13/04/2020",13968,4
"14331",16.862,-99.887,"13/04/2020",13969,4
"14332",18.851,-97.099,"13/04/2020",13970,4
"14333",19.71,-98.967,"13/04/2020",13971,4
"14334",19.372,-99.158,"13/04/2020",13972,4
"14335",19.431,-99.153,"14/04/2020",13973,4
"14336",17.988,-92.919,"14/04/2020",13974,1
"14337",17.899,-88.879,"14/04/2020",13975,1
"14338",16.862,-99.887,"14/04/2020",13976,4
"14339",19.288,-99.167,"14/04/2020",13977,4
"14340",19.665,-99.179,"14/04/2020",13978,4
"14341",19.044,-98.198,"14/04/2020",13979,4
"14342",19.19,-96.153,"14/04/2020",13980,4
"14343",19.527,-96.923,"14/04/2020",13981,4
"14344",18.138,-94.453,"14/04/2020",13982,1
"14345",20.721,-103.388,"15/04/2020",13983,2
"14346",19.527,-96.923,"15/04/2020",13984,4
"14347",19.294,-99.657,"15/04/2020",13985,4
"14348",19.35,-99.162,"15/04/2020",13986,4
"14349",20.676,-103.342,"15/04/2020",13987,2
"14350",22.776,-102.572,"15/04/2020",13988,2
"14351",16.533,-98.489,"15/04/2020",13989,4
"14352",19.372,-99.158,"15/04/2020",13990,4
"14353",24.809,-107.394,"15/04/2020",13991,3
"14354",19.19,-96.153,"15/04/2020",13992,4
"14355",31.747,-106.485,"15/04/2020",13993,3
"14356",16.862,-99.887,"15/04/2020",13994,4
"14357",16.862,-99.887,"15/04/2020",13995,4
"14358",20.122,-98.737,"15/04/2020",13996,4
"14359",19.431,-99.153,"16/04/2020",13997,4
"14360",18.462,-97.392,"16/04/2020",13998,4
"14361",22.757,-102.663,"16/04/2020",13999,2
"14362",17.335,-98.012,"16/04/2020",14000,4
"14363",24.809,-107.394,"16/04/2020",14001,3
"14365",19.419,-99.114,"16/04/2020",14002,4
"14366",19.431,-99.153,"16/04/2020",14003,4
"14367",19.431,-99.153,"16/04/2020",14004,4
"14368",25.665,-100.311,"16/04/2020",14005,2
"14369",19.431,-99.153,"16/04/2020",14006,4
"14370",16.862,-99.887,"16/04/2020",14007,4
"14371",19.19,-96.153,"16/04/2020",14008,4
"14372",20.897,-98.584,"16/04/2020",14009,4
"14373",21.139,-98.42,"16/04/2020",14010,4
"14374",20.25,-99.647,"16/04/2020",14011,4
"14375",20.41,-99.349,"16/04/2020",14012,4
"14376",20.949,-98.382,"16/04/2020",14013,4
"14377",19.841,-98.982,"16/04/2020",14014,4
"14378",20.248,-99.19,"16/04/2020",14015,4
"14379",19.703,-101.192,"16/04/2020",14016,4
"14380",20.639,-103.307,"17/04/2020",14017,2
"14381",19.407,-99.191,"17/04/2020",14018,4
"14382",20.676,-103.342,"17/04/2020",14019,2
"14383",22.776,-102.572,"17/04/2020",14020,2
"14384",18.638,-91.836,"17/04/2020",14021,1
"14385",19.359,-99.093,"17/04/2020",14022,4
"14386",19.431,-99.153,"17/04/2020",14023,4
"14387",19.431,-99.153,"17/04/2020",14024,4
"14388",16.862,-99.887,"17/04/2020",14025,4
"14389",22.152,-100.977,"17/04/2020",14026,2
"14390",20.569,-101.2,"17/04/2020",14027,4
"14391",25.88,-97.505,"17/04/2020",14028,2
"14392",19.527,-96.923,"17/04/2020",14029,4
"14393",17.552,-99.501,"17/04/2020",14030,4
"14394",25.541,-100.947,"17/04/2020",14031,2
"14395",19.599,-99.049,"18/04/2020",14032,4
"14396",17.06,-96.726,"18/04/2020",14033,4
"14398",19.845,-90.54,"18/04/2020",14034,1
"14399",18.372,-99.87,"19/04/2020",14035,4
"14400",19.431,-99.153,"19/04/2020",14036,4
"14403",25.542,-103.453,"19/04/2020",14037,2
"14404",24.809,-107.394,"19/04/2020",14038,3
"14405",17.009,-100.089,"19/04/2020",14039,4
"14406",20.122,-98.737,"20/04/2020",14040,4
"14407",19.431,-99.153,"20/04/2020",14041,4
"14409",28.637,-106.076,"20/04/2020",14042,3
"14411",18.462,-97.392,"20/04/2020",14043,4
"14412",19.044,-98.198,"20/04/2020",14044,4
"14413",17.667,-101.591,"20/04/2020",14045,4
"14414",16.862,-99.887,"20/04/2020",14046,4
"14415",19.431,-99.153,"20/04/2020",14047,4
"14416",19.044,-98.198,"20/04/2020",14048,4
"14417",19.372,-99.158,"20/04/2020",14049,4
"14418",32.573,-116.627,"20/04/2020",14050,3
"14419",16.862,-99.887,"20/04/2020",14051,4
"14420",25.88,-97.505,"20/04/2020",14052,2
"14421",19.527,-96.923,"20/04/2020",14053,4
"14422",19.527,-96.923,"21/04/2020",14054,4
"14423",19.19,-96.153,"21/04/2020",14055,4
"14424",15.871,-97.076,"21/04/2020",14056,4
"14425",32.532,-117.019,"21/04/2020",14057,3
"14426",21.143,-88.152,"21/04/2020",14058,1
"14427",19.407,-99.191,"21/04/2020",14059,4
"14428",19.087,-102.355,"21/04/2020",14060,4
"14430",19.431,-99.153,"22/04/2020",14061,4
"14431",22.747,-102.519,"22/04/2020",14062,2
"14432",25.781,-100.189,"22/04/2020",14063,2
"14433",19.599,-99.049,"22/04/2020",14064,4
"14434",19.431,-99.153,"22/04/2020",14065,4
"14435",19.409,-99.018,"22/04/2020",14066,4
"14436",19.419,-99.114,"22/04/2020",14067,4
"14437",19.294,-99.657,"22/04/2020",14068,4
"14438",19.19,-96.153,"22/04/2020",14069,4
"14439",20.211,-87.463,"22/04/2020",14070,1
"14440",25.665,-100.311,"22/04/2020",14071,2
"14441",16.862,-99.887,"22/04/2020",14072,4
"14442",20.656,-87.936,"23/04/2020",14073,1
"14443",25.781,-100.189,"23/04/2020",14074,2
"14444",19.17,-98.205,"23/04/2020",14075,4
"14445",17.988,-92.919,"23/04/2020",14076,1
"14446",17.988,-92.919,"23/04/2020",14077,1
"14447",22.152,-100.977,"23/04/2020",14078,2
"14448",18.525,-91.089,"23/04/2020",14079,1
"14449",21.016,-101.254,"23/04/2020",14080,2
"14450",16.862,-99.887,"23/04/2020",14081,4
"14451",19.294,-99.657,"23/04/2020",14082,4
"14452",19.19,-96.153,"24/04/2020",14083,4
"14453",19.372,-99.158,"24/04/2020",14084,4
"14454",19.288,-99.167,"24/04/2020",14085,4
"14455",19.589,-98.57,"24/04/2020",14086,4
"14456",19.431,-99.153,"24/04/2020",14087,4
"14457",22.776,-102.572,"24/04/2020",14088,2
"14458",19.089,-98.273,"24/04/2020",14089,4
"14459",19.599,-99.049,"24/04/2020",14090,4
"14460",22.776,-102.572,"24/04/2020",14091,2
"14461",17.988,-92.919,"24/04/2020",14092,1
"14462",19.845,-90.54,"24/04/2020",14093,1
"14463",22.152,-100.977,"24/04/2020",14094,2
"14464",21.159,-100.917,"24/04/2020",14095,2
"14466",17.477,-91.426,"25/04/2020",14096,1
"14467",18.839,-99.186,"25/04/2020",14097,4
"14468",18.185,-91.042,"25/04/2020",14098,1
"14469",26.926,-101.449,"25/04/2020",14099,2
"14470",17.552,-99.501,"25/04/2020",14100,4
"14471",19.427,-99.353,"26/04/2020",14101,4
"14472",19.747,-89.844,"26/04/2020",14102,1
"14473",19.528,-90.699,"26/04/2020",14103,1
"14475",16.754,-93.115,"26/04/2020",14104,1
"14476",19.317,-98.238,"27/04/2020",14105,4
"14477",16.754,-93.115,"27/04/2020",14106,1
"14478",19.044,-98.198,"27/04/2020",14107,4
"14479",19.105,-96.107,"27/04/2020",14108,4
"14480",19.19,-96.153,"27/04/2020",14109,4
"14484",20.676,-103.342,"27/04/2020",14110,2
"14485",21.507,-104.894,"27/04/2020",14111,2
"14486",22.776,-102.572,"27/04/2020",14112,2
"14487",22.649,-102.99,"27/04/2020",14113,2
"14488",19.431,-99.153,"27/04/2020",14114,4
"14489",31.747,-106.485,"27/04/2020",14115,3
"14490",17.809,-91.537,"27/04/2020",14116,1
"14491",24.809,-107.394,"27/04/2020",14117,3
"14493",19.845,-90.54,"27/04/2020",14118,1
"14494",19.421,-102.063,"27/04/2020",14119,4
"14495",19.19,-96.153,"27/04/2020",14120,4
"14496",26.926,-101.449,"27/04/2020",14121,2
"14497",19.372,-99.158,"27/04/2020",14122,4
"14498",16.862,-99.887,"27/04/2020",14123,4
"14499",19.359,-99.093,"27/04/2020",14124,4
"14500",24.809,-107.394,"27/04/2020",14125,3
"14501",20.967,-89.624,"27/04/2020",14126,1
"14502",19.819,-101.793,"27/04/2020",14127,4
"14503",19.984,-101.76,"27/04/2020",14128,4
"14504",18.858,-97.375,"27/04/2020",14129,4
"14505",29.075,-110.959,"27/04/2020",14130,3
"14506",25.665,-100.311,"27/04/2020",14131,2
"14507",19.484,-99.184,"27/04/2020",14132,4
"14508",19.431,-99.153,"28/04/2020",14133,4
"14509",18.081,-96.118,"28/04/2020",14134,4
"14512",21.507,-104.894,"28/04/2020",14135,2
"14515",16.956,-96.479,"28/04/2020",14136,4
"14516",17.297,-96.904,"28/04/2020",14137,4
"14517",21.161,-86.825,"28/04/2020",14138,1
"14518",17.06,-96.726,"28/04/2020",14139,4
"14519",17.988,-92.919,"28/04/2020",14140,1
"14521",24.809,-107.394,"28/04/2020",14141,3
"14522",20.569,-101.2,"28/04/2020",14142,4
"14523",20.131,-99.235,"28/04/2020",14143,4
"14524",19.317,-98.238,"28/04/2020",14144,4
"14525",17.174,-92.334,"28/04/2020",14145,1
"14526",32.532,-117.019,"28/04/2020",14146,3
"14527",20.643,-100.994,"28/04/2020",14147,4
"14528",18.372,-99.87,"28/04/2020",14148,4
"14530",19.599,-99.049,"28/04/2020",14149,4
"14531",19.358,-98.977,"28/04/2020",14150,4
"14533",25.781,-100.189,"28/04/2020",14151,2
"14534",19.204,-103.808,"28/04/2020",14152,2
"14535",18.91,-103.874,"28/04/2020",14153,2
"14536",19.297,-97.769,"29/04/2020",14154,4
"14537",17.06,-96.726,"29/04/2020",14155,4
"14538",17.071,-96.648,"29/04/2020",14156,4
"14539",16.956,-96.479,"29/04/2020",14157,4
"14540",20.341,-102.282,"29/04/2020",14158,2
"14541",19.19,-96.153,"29/04/2020",14159,4
"14543",19.19,-96.153,"29/04/2020",14160,4
"14544",20.144,-98.438,"29/04/2020",14161,4
"14545",19.905,-99.344,"29/04/2020",14162,4
"14546",18.617,-99.181,"29/04/2020",14163,4
"14547",19.483,-99.114,"29/04/2020",14164,4
"14548",19.359,-99.093,"29/04/2020",14165,4
"14549",18.922,-99.235,"29/04/2020",14166,4
"14550",19.599,-99.049,"29/04/2020",14167,4
"14551",19.431,-99.153,"29/04/2020",14168,4
"14553",19.001,-103.739,"29/04/2020",14169,2
"14554",17.962,-102.198,"29/04/2020",14170,4
"14555",29.075,-110.959,"29/04/2020",14171,3
"14556",24.149,-110.307,"30/04/2020",14172,3
"14557",17.145,-96.764,"30/04/2020",14173,4
"14558",19.431,-99.153,"30/04/2020",14174,4
"14559",20.676,-103.342,"30/04/2020",14175,2
"14560",19.686,-98.869,"30/04/2020",14176,4
"14561",16.862,-99.887,"30/04/2020",14177,4
"14562",25.665,-100.311,"30/04/2020",14178,2
"14563",21.392,-88.896,"30/04/2020",14179,1
"14564",16.862,-99.887,"30/04/2020",14180,4
"14565",20.676,-103.342,"30/04/2020",14181,2
"14567",19.431,-99.153,"01/05/2020",14182,4
"14568",19.431,-99.153,"01/05/2020",14183,4
"14569",19.104,-99.591,"01/05/2020",14184,4
"14570",18.462,-97.392,"01/05/2020",14185,4
"14571",32.641,-115.476,"01/05/2020",14186,3
"14572",16.754,-93.115,"01/05/2020",14187,1
"14573",17.552,-99.501,"01/05/2020",14188,4
"14574",17.06,-96.726,"01/05/2020",14189,4
"14575",19.845,-90.54,"01/05/2020",14190,1
"14576",17.552,-99.501,"01/05/2020",14191,4
"14577",19.599,-99.049,"01/05/2020",14192,4
"14578",21.122,-101.683,"01/05/2020",14193,2
"14579",19.19,-96.153,"01/05/2020",14194,4
"14580",16.862,-99.887,"01/05/2020",14195,4
"14581",17.667,-101.591,"01/05/2020",14196,4
"14582",20.128,-88.923,"02/05/2020",14197,1
"14583",19.409,-99.018,"02/05/2020",14198,4
"14584",17.138,-92.709,"02/05/2020",14199,1
"14585",16.219,-95.128,"02/05/2020",14200,1
"14586",19.407,-99.191,"02/05/2020",14201,4
"14587",19.599,-99.049,"02/05/2020",14202,4
"14588",16.862,-99.887,"02/05/2020",14203,4
"14589",25.665,-100.311,"03/05/2020",14204,2
"14590",25.665,-100.311,"03/05/2020",14205,2
"14591",16.862,-99.887,"03/05/2020",14206,4
"14592",20.721,-103.388,"03/05/2020",14207,2
"14593",21.353,-89.171,"04/05/2020",14208,1
"14594",20.569,-101.2,"04/05/2020",14209,4
"14595",20.432,-101.725,"04/05/2020",14210,2
"14596",20.522,-100.814,"04/05/2020",14211,4
"14597",16.874,-99.823,"04/05/2020",14212,4
"14598",15.363,-92.248,"04/05/2020",14213,1
"14599",27.486,-99.508,"04/05/2020",14214,2
"14600",31.747,-106.485,"04/05/2020",14215,3
"14601",20.347,-103.191,"04/05/2020",14216,2
"14602",18.138,-94.453,"04/05/2020",14217,1
"14603",19.703,-101.192,"04/05/2020",14218,4
"14604",18.462,-97.392,"04/05/2020",14219,4
"14605",20.721,-103.388,"04/05/2020",14220,2
"14606",17.06,-96.726,"04/05/2020",14221,4
"14607",19.428,-99.128,"04/05/2020",14222,4
"14608",18.962,-99.594,"04/05/2020",14223,4
"14609",21.507,-104.894,"04/05/2020",14224,2
"14610",21.507,-104.894,"04/05/2020",14225,2
"14611",23.2,-106.422,"04/05/2020",14226,2
"14612",20.676,-103.342,"04/05/2020",14227,2
"14613",19.703,-101.192,"04/05/2020",14228,4
"14614",18.557,-99.605,"04/05/2020",14229,4
"14615",19.845,-90.54,"05/05/2020",14230,1
"14616",22.152,-100.977,"05/05/2020",14231,2
"14617",24.024,-104.67,"05/05/2020",14232,2
"14618",19.527,-96.923,"05/05/2020",14233,4
"14619",21.139,-98.42,"05/05/2020",14234,4
"14620",20.614,-105.227,"05/05/2020",14235,2
"14621",20.676,-103.342,"05/05/2020",14236,2
"14622",25.57,-103.496,"05/05/2020",14237,2
"14623",19.703,-101.192,"05/05/2020",14238,4
"14624",19.359,-99.093,"06/05/2020",14239,4
"14625",25.665,-100.311,"06/05/2020",14240,2
"14626",19.845,-90.54,"06/05/2020",14241,1
"14628",20.522,-100.814,"06/05/2020",14242,4
"14629",15.363,-92.248,"06/05/2020",14243,1
"14630",16.862,-99.887,"06/05/2020",14244,4
"14631",16.091,-93.752,"06/05/2020",14245,1
"14632",19.845,-90.54,"06/05/2020",14246,1
"14633",19.431,-99.153,"06/05/2020",14247,4
"14634",19.431,-99.153,"06/05/2020",14248,4
"14635",23.2,-106.422,"06/05/2020",14249,2
"14636",16.862,-99.887,"06/05/2020",14250,4
"14638",19.431,-99.153,"07/05/2020",14251,4
"14639",18.813,-98.955,"07/05/2020",14252,4
"14640",19.703,-101.192,"07/05/2020",14253,4
"14641",19.19,-96.153,"07/05/2020",14254,4
"14642",24.024,-104.67,"07/05/2020",14255,2
"14643",16.862,-99.887,"07/05/2020",14256,4
"14644",19.407,-99.191,"07/05/2020",14257,4
"14645",20.122,-98.737,"07/05/2020",14258,4
"14646",20.623,-103.246,"07/05/2020",14259,2
"14647",20.614,-105.227,"07/05/2020",14260,2
"14648",19.419,-99.114,"08/05/2020",14261,4
"14649",18.372,-99.87,"08/05/2020",14262,4
"14650",19.797,-99.101,"08/05/2020",14263,4
"14651",19.396,-99.098,"08/05/2020",14264,4
"14652",19.428,-99.128,"08/05/2020",14265,4
"14653",19.47,-99.525,"09/05/2020",14266,4
"14654",19.101,-96.506,"09/05/2020",14267,4
"14655",19.599,-99.049,"10/05/2020",14268,4
"14656",19.431,-99.153,"11/05/2020",14269,4
"14657",19.714,-99.224,"11/05/2020",14270,4
"14658",20.593,-100.39,"11/05/2020",14271,4
"14659",19.437,-100.358,"11/05/2020",14272,4
"14660",19.703,-101.192,"11/05/2020",14273,4
"14661",19.479,-99.233,"11/05/2020",14274,4
"14662",20.122,-98.737,"11/05/2020",14275,4
"14663",24.809,-107.394,"11/05/2020",14276,3
"14664",31.747,-106.485,"11/05/2020",14277,3
"14665",23.731,-99.151,"11/05/2020",14278,2
"14666",22.392,-97.937,"11/05/2020",14279,4
"14667",19.261,-98.896,"12/05/2020",14280,4
"14668",19.431,-99.153,"12/05/2020",14281,4
"14669",19.243,-103.728,"12/05/2020",14282,2
"14670",19.044,-98.198,"12/05/2020",14283,4
"14671",19.437,-100.358,"12/05/2020",14284,4
"14672",19.841,-98.982,"12/05/2020",14285,4
"14673",25.783,-108.994,"12/05/2020",14286,3
"14674",18.909,-98.434,"12/05/2020",14287,4
"14675",20.967,-89.624,"12/05/2020",14288,1
"14676",19.599,-99.049,"12/05/2020",14289,4
"14677",24.809,-107.394,"12/05/2020",14290,3
"14678",20.081,-98.368,"12/05/2020",14291,4
"14679",19.261,-98.896,"12/05/2020",14292,4
"14680",26.901,-101.417,"12/05/2020",14293,2
"14681",25.665,-100.311,"13/05/2020",14294,2
"14682",19.431,-99.153,"13/05/2020",14295,4
"14683",21.507,-104.894,"13/05/2020",14296,2
"14684",23.2,-106.422,"13/05/2020",14297,2
"14685",19.431,-99.153,"13/05/2020",14298,4
"14686",19.431,-99.153,"13/05/2020",14299,4
"14687",19.396,-99.098,"13/05/2020",14300,4
"14688",18.922,-99.235,"13/05/2020",14301,4
"14689",19.513,-98.882,"13/05/2020",14302,4
"14690",24.809,-107.394,"13/05/2020",14303,3
"14691",19.648,-99.169,"13/05/2020",14304,4
"14692",19.703,-101.192,"14/05/2020",14305,4
"14693",20.676,-103.342,"14/05/2020",14306,2
"14694",19.955,-100.164,"14/05/2020",14307,4
"14695",19.892,-100.442,"14/05/2020",14308,4
"14696",19.805,-100.174,"14/05/2020",14309,4
"14697",19.733,-100.352,"14/05/2020",14310,4
"14698",24.809,-107.394,"14/05/2020",14311,3
"14699",19.431,-99.153,"14/05/2020",14312,4
"14700",22.152,-100.977,"14/05/2020",14313,2
"14701",21.385,-98.99,"14/05/2020",14314,4
"14702",21.259,-98.788,"14/05/2020",14315,4
"14703",16.862,-99.887,"14/05/2020",14316,4
"14704",20.569,-103.154,"15/05/2020",14317,2
"14705",19.294,-99.657,"15/05/2020",14318,4
"14706",18.922,-99.235,"15/05/2020",14319,4
"14707",18.928,-97.137,"16/05/2020",14320,4
"14709",20.69,-88.201,"16/05/2020",14321,1
"14710",18.928,-97.137,"17/05/2020",14322,4
"14711",20.055,-99.343,"17/05/2020",14323,4
"14714",16.862,-99.887,"17/05/2020",14324,4
"14715",16.862,-99.887,"17/05/2020",14325,4
"14716",20.4,-90.148,"18/05/2020",14326,1
"14717",25.665,-100.311,"18/05/2020",14327,2
"14718",31.747,-106.485,"18/05/2020",14328,3
"14719",19.599,-99.049,"18/05/2020",14329,4
"14720",20.055,-99.343,"18/05/2020",14330,4
"14721",20.081,-98.368,"18/05/2020",14331,4
"14722",19.294,-99.657,"18/05/2020",14332,4
"14723",17.86,-96.211,"18/05/2020",14333,4
"14724",18.805,-97.099,"18/05/2020",14334,4
"14725",20.122,-98.737,"18/05/2020",14335,4
"14726",16.176,-95.192,"18/05/2020",14336,1
"14727",25.88,-97.505,"18/05/2020",14337,2
"14728",19.599,-99.049,"19/05/2020",14338,4
"14729",19.629,-99.104,"19/05/2020",14339,4
"14730",19.431,-99.153,"19/05/2020",14340,4
"14731",21.122,-101.683,"19/05/2020",14341,2
"14732",25.665,-100.311,"19/05/2020",14342,2
"14733",22.744,-98.972,"19/05/2020",14343,2
"14734",17.991,-94.548,"19/05/2020",14344,1
"14735",25.665,-100.311,"20/05/2020",14345,2
"14736",19.372,-99.158,"20/05/2020",14346,4
"14737",25.665,-100.311,"20/05/2020",14347,2
"14738",14.911,-92.264,"20/05/2020",14348,1
"14739",17.86,-96.211,"20/05/2020",14349,4
"14740",19.288,-99.167,"20/05/2020",14350,4
"14741",16.253,-92.136,"20/05/2020",14351,1
"14742",19.294,-99.657,"20/05/2020",14352,4
"14743",16.908,-92.096,"20/05/2020",14353,1
"14744",20.676,-103.342,"20/05/2020",14354,2
"14745",29.075,-110.959,"20/05/2020",14355,3
"14746",20.676,-103.342,"20/05/2020",14356,2
"14747",20.46,-98.076,"20/05/2020",14357,4
"14748",24.809,-107.394,"20/05/2020",14358,3
"14749",26.901,-101.417,"21/05/2020",14359,2
"14750",19.431,-99.153,"21/05/2020",14360,4
"14751",19.409,-99.018,"21/05/2020",14361,4
"14752",16.862,-99.887,"21/05/2020",14362,4
"14753",19.703,-101.192,"21/05/2020",14363,4
"14754",25.88,-97.505,"21/05/2020",14364,2
"14755",19.703,-101.192,"21/05/2020",14365,4
"14756",26.092,-98.278,"21/05/2020",14366,2
"14757",22.991,-105.854,"21/05/2020",14367,2
"14758",20.122,-98.737,"21/05/2020",14368,4
"14759",17.807,-97.776,"21/05/2020",14369,4
"14760",19.264,-99.105,"21/05/2020",14370,4
"14761",28.637,-106.076,"21/05/2020",14371,3
"14762",19.845,-90.54,"22/05/2020",14372,1
"14763",25.665,-100.311,"22/05/2020",14373,2
"14764",19.431,-99.153,"22/05/2020",14374,4
"14765",20.122,-98.737,"22/05/2020",14375,4
"14766",19.317,-98.238,"22/05/2020",14376,4
"14767",19.359,-99.093,"22/05/2020",14377,4
"14768",19.431,-99.153,"22/05/2020",14378,4
"14769",17.988,-92.919,"22/05/2020",14379,1
"14770",25.665,-100.311,"23/05/2020",14380,2
"14771",22.832,-105.779,"23/05/2020",14381,2
"14772",20.676,-103.342,"23/05/2020",14382,2
"14773",22.392,-97.937,"24/05/2020",14383,4
"14774",21.095,-89.283,"25/05/2020",14384,1
"14775",19.421,-102.063,"25/05/2020",14385,4
"14776",16.862,-99.887,"25/05/2020",14386,4
"14777",21.161,-86.825,"25/05/2020",14387,1
"14778",31.747,-106.485,"25/05/2020",14388,3
"14779",19.294,-99.657,"25/05/2020",14389,4
"14780",19.431,-99.153,"25/05/2020",14390,4
"14781",19.431,-99.153,"25/05/2020",14391,4
"14782",25.542,-103.453,"25/05/2020",14392,2
"14783",19.288,-99.167,"25/05/2020",14393,4
"14784",20.534,-97.444,"25/05/2020",14394,4
"14785",20.046,-98.721,"25/05/2020",14395,4
"14786",20.533,-99.634,"25/05/2020",14396,4
"14787",19.71,-98.45,"25/05/2020",14397,4
"14788",20.269,-98.943,"25/05/2020",14398,4
"14789",20.122,-98.737,"25/05/2020",14399,4
"14790",20.169,-98.648,"25/05/2020",14400,4
"14791",21.139,-98.42,"25/05/2020",14401,4
"14792",19.915,-98.668,"25/05/2020",14402,4
"14793",19.967,-98.519,"25/05/2020",14403,4
"14794",20.159,-98.203,"25/05/2020",14404,4
"14795",20.06,-99.233,"25/05/2020",14405,4
"14796",20.115,-98.886,"25/05/2020",14406,4
"14797",20.091,-99.122,"25/05/2020",14407,4
"14798",20.286,-99.015,"25/05/2020",14408,4
"14799",20.25,-99.647,"25/05/2020",14409,4
"14800",19.818,-98.604,"25/05/2020",14410,4
"14801",20.922,-98.95,"25/05/2020",14411,4
"14802",20.287,-98.668,"25/05/2020",14412,4
"14803",16.754,-93.115,"25/05/2020",14413,1
"14804",19.159,-98.408,"25/05/2020",14414,4
"14805",19.159,-98.408,"25/05/2020",14415,4
"14806",17.509,-91.981,"26/05/2020",14416,1
"14807",25.665,-100.311,"26/05/2020",14417,2
"14808",19.483,-99.114,"26/05/2020",14418,4
"14809",24.809,-107.394,"26/05/2020",14419,3
"14810",29.075,-110.959,"26/05/2020",14420,3
"14811",19.391,-99.195,"26/05/2020",14421,4
"14812",29.075,-110.959,"26/05/2020",14422,3
"14813",21.139,-98.42,"26/05/2020",14423,4
"14814",22.776,-102.572,"26/05/2020",14424,2
"14815",22.152,-100.977,"26/05/2020",14425,2
"14816",20.046,-98.721,"26/05/2020",14426,4
"14817",18.901,-97.969,"26/05/2020",14427,4
"14818",19.538,-99.195,"26/05/2020",14428,4
"14819",20.177,-90.134,"27/05/2020",14429,1
"14820",20.967,-89.624,"27/05/2020",14430,1
"14821",17.962,-102.198,"27/05/2020",14431,4
"14822",24.809,-107.394,"27/05/2020",14432,3
"14823",29.075,-110.959,"27/05/2020",14433,3
"14824",19.703,-101.192,"27/05/2020",14434,4
"14825",17.027,-96.701,"27/05/2020",14435,4
"14826",16.34,-92.565,"27/05/2020",14436,1
"14827",19.527,-96.923,"27/05/2020",14437,4
"14828",20.046,-98.721,"27/05/2020",14438,4
"14829",20.533,-99.634,"28/05/2020",14439,4
"14830",21.016,-101.254,"28/05/2020",14440,2
"14831",16.862,-99.887,"28/05/2020",14441,4
"14832",18.922,-99.235,"28/05/2020",14442,4
"14833",19.431,-99.153,"28/05/2020",14443,4
"14834",20.122,-98.737,"28/05/2020",14444,4
"14835",32.641,-115.476,"29/05/2020",14445,3
"14836",21.122,-101.683,"29/05/2020",14446,2
"14838",19.431,-99.153,"29/05/2020",14447,4
"14839",20.623,-103.246,"29/05/2020",14448,2
"14840",20.676,-103.342,"29/05/2020",14449,2
"14841",20.533,-99.634,"29/05/2020",14450,4
"14842",27.579,-109.93,"29/05/2020",14451,3
"14844",19.294,-99.657,"30/05/2020",14452,4
"14845",19.283,-98.436,"31/05/2020",14453,4
"14846",20.676,-103.342,"31/05/2020",14454,2
"14847",20.623,-103.246,"31/05/2020",14455,2
"14848",19.294,-99.657,"31/05/2020",14456,4
"14849",18.851,-97.099,"01/06/2020",14457,4
"14850",19.055,-99.243,"01/06/2020",14458,4
"14851",20.175,-98.051,"01/06/2020",14459,4
"14852",17.552,-99.501,"01/06/2020",14460,4
"14853",17.06,-96.726,"01/06/2020",14461,4
"14854",18.767,-98.716,"01/06/2020",14462,4
"14855",19.431,-99.153,"01/06/2020",14463,4
"14856",19.483,-99.114,"01/06/2020",14464,4
"14857",24.809,-107.394,"01/06/2020",14465,3
"14858",21.122,-101.683,"01/06/2020",14466,2
"14859",20.081,-98.368,"01/06/2020",14467,4
"14860",19.294,-99.657,"01/06/2020",14468,4
"14861",16.862,-99.887,"01/06/2020",14469,4
"14862",24.809,-107.394,"01/06/2020",14470,3
"14863",26.901,-101.417,"02/06/2020",14471,2
"14864",24.024,-104.67,"02/06/2020",14472,2
"14865",25.665,-100.311,"02/06/2020",14473,2
"14866",19.317,-98.238,"02/06/2020",14474,4
"14867",22.392,-97.937,"02/06/2020",14475,4
"14868",23.2,-106.422,"02/06/2020",14476,2
"14869",24.809,-107.394,"02/06/2020",14477,3
"14870",20.122,-98.737,"03/06/2020",14478,4
"14871",19.19,-96.153,"03/06/2020",14479,4
"14872",17.991,-94.548,"03/06/2020",14480,1
"14873",19.703,-101.192,"03/06/2020",14481,4
"14874",19.294,-99.657,"03/06/2020",14482,4
"14875",19.044,-98.198,"03/06/2020",14483,4
"14876",22.152,-100.977,"03/06/2020",14484,2
"14877",19.527,-96.923,"04/06/2020",14485,4
"14878",25.88,-97.505,"04/06/2020",14486,2
"14879",20.623,-103.246,"04/06/2020",14487,2
"14880",32.532,-117.019,"04/06/2020",14488,3
"14881",21.122,-101.683,"04/06/2020",14489,2
"14882",19.703,-101.192,"04/06/2020",14490,4
"14883",16.862,-99.887,"04/06/2020",14491,4
"14884",19.431,-99.153,"05/06/2020",14492,4
"14885",19.372,-99.158,"05/06/2020",14493,4
"14886",19.044,-98.198,"05/06/2020",14494,4
"14887",25.665,-100.311,"05/06/2020",14495,2
"14888",19.807,-97.307,"05/06/2020",14496,4
"14889",19.409,-99.018,"05/06/2020",14497,4
"14890",23.2,-106.422,"05/06/2020",14498,2
"14891",20.673,-101.348,"05/06/2020",14499,2
"14892",19.294,-99.657,"05/06/2020",14500,4
"14893",16.862,-99.887,"05/06/2020",14501,4
"14894",26.092,-98.278,"05/06/2020",14502,2
"14895",19.703,-101.192,"06/06/2020",14503,4
"14896",19.358,-98.977,"06/06/2020",14504,4
"14897",19.313,-98.884,"06/06/2020",14505,4
"14898",19.967,-98.519,"07/06/2020",14506,4
"14899",19.357,-99.3,"07/06/2020",14507,4
"14900",19.431,-99.153,"08/06/2020",14508,4
"14901",20.676,-103.342,"08/06/2020",14509,2
"14902",25.45,-100.846,"08/06/2020",14510,2
"14903",16.304,-97.546,"08/06/2020",14511,4
"14904",24.149,-110.307,"08/06/2020",14512,3
"14905",17.988,-92.919,"08/06/2020",14513,1
"14906",32.641,-115.476,"08/06/2020",14514,3
"14907",24.809,-107.394,"08/06/2020",14515,3
"14908",25.665,-100.311,"09/06/2020",14516,2
"14909",32.641,-115.476,"09/06/2020",14517,3
"14910",24.149,-110.307,"09/06/2020",14518,3
"14911",19.044,-98.198,"09/06/2020",14519,4
"14912",20.522,-100.814,"09/06/2020",14520,4
"14913",20.122,-98.737,"10/06/2020",14521,4
"14914",25.57,-103.496,"10/06/2020",14522,2
"14915",16.862,-99.887,"10/06/2020",14523,4
"14916",19.288,-99.167,"10/06/2020",14524,4
"14917",23.2,-106.422,"10/06/2020",14525,2
"14918",25.783,-108.994,"10/06/2020",14526,3
"14919",16.862,-99.887,"10/06/2020",14527,4
"14920",19.431,-99.153,"11/06/2020",14528,4
"14921",19.431,-99.153,"11/06/2020",14529,4
"14922",19.431,-99.153,"11/06/2020",14530,4
"14923",16.228,-91.528,"11/06/2020",14531,1
"14924",24.809,-107.394,"11/06/2020",14532,3
"14925",16.862,-99.887,"11/06/2020",14533,4
"14926",18.557,-99.605,"11/06/2020",14534,4
"14927",19.19,-96.153,"12/06/2020",14535,4
"14928",17.552,-99.501,"12/06/2020",14536,4
"14929",19.295,-98.864,"12/06/2020",14537,4
"14930",19.431,-99.153,"12/06/2020",14538,4
"14931",20.676,-103.342,"12/06/2020",14539,2
"14932",24.809,-107.394,"12/06/2020",14540,3
"14933",19.358,-98.977,"12/06/2020",14541,4
"14934",21.283,-89.664,"12/06/2020",14542,1
"14935",20.967,-89.624,"12/06/2020",14543,1
"14936",25.665,-100.311,"14/06/2020",14544,2
"14937",23.062,-109.695,"14/06/2020",14545,3
"14938",19.428,-99.128,"15/06/2020",14546,4
"14939",19.561,-97.242,"15/06/2020",14547,4
"14940",19.428,-99.128,"15/06/2020",14548,4
"14941",20.09,-99.222,"15/06/2020",14549,4
"14942",19.527,-96.923,"15/06/2020",14550,4
"14943",20.122,-98.737,"15/06/2020",14551,4
"14944",19.044,-98.198,"15/06/2020",14552,4
"14945",22.216,-97.858,"15/06/2020",14553,4
"14946",17.277,-96.884,"15/06/2020",14554,4
"14947",20.967,-89.624,"16/06/2020",14555,1
"14948",24.149,-110.307,"16/06/2020",14556,3
"14949",16.862,-99.887,"16/06/2020",14557,4
"14950",19.187,-97.811,"16/06/2020",14558,4
"14951",20.122,-98.737,"16/06/2020",14559,4
"14952",16.862,-99.887,"16/06/2020",14560,4
"14953",17.06,-96.726,"16/06/2020",14561,4
"14954",19.431,-99.153,"16/06/2020",14562,4
"14955",19.19,-96.153,"16/06/2020",14563,4
"14956",19.431,-99.153,"16/06/2020",14564,4
"14957",25.665,-100.311,"17/06/2020",14565,2
"14958",25.57,-103.496,"17/06/2020",14566,2
"14959",17.552,-99.501,"17/06/2020",14567,4
"14960",25.57,-103.496,"17/06/2020",14568,2
"14961",19.407,-99.191,"17/06/2020",14569,4
"14962",19.051,-98.301,"17/06/2020",14570,4
"14963",32.532,-117.019,"17/06/2020",14571,3
"14964",19.431,-99.153,"17/06/2020",14572,4
"14965",16.862,-99.887,"17/06/2020",14573,4
"14966",19.317,-98.238,"17/06/2020",14574,4
"14967",19.044,-98.198,"17/06/2020",14575,4
"14968",19.044,-98.198,"17/06/2020",14576,4
"14969",18.922,-99.235,"18/06/2020",14577,4
"14970",25.665,-100.311,"18/06/2020",14578,2
"14971",20.676,-103.342,"18/06/2020",14579,2
"14972",19.431,-99.153,"18/06/2020",14580,4
"14973",19.044,-98.198,"18/06/2020",14581,4
"14974",19.431,-99.153,"19/06/2020",14582,4
"14975",23.731,-99.151,"19/06/2020",14583,2
"14976",19.431,-99.153,"19/06/2020",14584,4
"14977",19.417,-98.945,"19/06/2020",14585,4
"14978",16.871,-93.206,"19/06/2020",14586,1
"14979",16.176,-95.192,"19/06/2020",14587,1
"14980",18.638,-91.836,"20/06/2020",14588,1
"14981",21.161,-86.825,"20/06/2020",14589,1
"14982",17.807,-97.776,"20/06/2020",14590,4
"14983",16.21,-94.982,"21/06/2020",14591,1
"14984",19.431,-99.153,"21/06/2020",14592,4
"14985",16.862,-99.887,"22/06/2020",14593,4
"14986",26.092,-98.278,"22/06/2020",14594,2
"14987",20.122,-98.737,"22/06/2020",14595,4
"14988",19.599,-99.049,"22/06/2020",14596,4
"14989",19.431,-99.153,"22/06/2020",14597,4
"14990",25.542,-103.453,"22/06/2020",14598,2
"14991",22.891,-109.912,"22/06/2020",14599,3
"14992",16.737,-92.638,"23/06/2020",14600,1
"14993",16.754,-93.115,"23/06/2020",14601,1
"14994",24.809,-107.394,"23/06/2020",14602,3
"14995",23.731,-99.151,"23/06/2020",14603,2
"14996",19.294,-99.657,"23/06/2020",14604,4
"14997",25.57,-103.496,"23/06/2020",14605,2
"14998",19.044,-98.198,"23/06/2020",14606,4
"14999",21.237,-98.004,"23/06/2020",14607,4
"15000",25.665,-100.311,"23/06/2020",14608,2
"15001",23.731,-99.151,"24/06/2020",14609,2
"15002",19.431,-99.153,"24/06/2020",14610,4
"15003",25.542,-103.453,"24/06/2020",14611,2
"15004",17.929,-94.903,"24/06/2020",14612,1
"15005",19.053,-104.316,"24/06/2020",14613,2
"15006",20.967,-89.624,"25/06/2020",14614,1
"15007",19.431,-99.153,"25/06/2020",14615,4
"15008",23.2,-106.422,"25/06/2020",14616,2
"15009",22.216,-97.858,"26/06/2020",14617,4
"15010",16.892,-92.715,"26/06/2020",14618,1
"15011",21.507,-104.894,"26/06/2020",14619,2
"15012",19.849,-102.069,"26/06/2020",14620,4
"15013",19.51,-101.766,"26/06/2020",14621,4
"15014",19.453,-101.732,"26/06/2020",14622,4
"15015",24.149,-110.307,"26/06/2020",14623,3
"15016",26.092,-98.278,"27/06/2020",14624,2
"15017",19.915,-90.417,"28/06/2020",14625,1
"15018",18.922,-99.235,"29/06/2020",14626,4
"15019",27.486,-99.508,"29/06/2020",14627,2
"15020",22.246,-97.837,"29/06/2020",14628,4
"15021",19.431,-99.153,"29/06/2020",14629,4
"15022",16.474,-92.408,"29/06/2020",14630,1
"15023",19.845,-90.54,"29/06/2020",14631,1
"15024",20.673,-101.348,"30/06/2020",14632,2
"15025",25.665,-100.311,"30/06/2020",14633,2
"15026",19.431,-99.153,"30/06/2020",14634,4
"15027",19.845,-90.54,"30/06/2020",14635,1
"15028",20.676,-103.342,"30/06/2020",14636,2
"15029",19.16,-99.488,"30/06/2020",14637,4
"15030",18.922,-99.235,"30/06/2020",14638,4
"15031",16.754,-93.115,"01/07/2020",14639,1
"15032",17.06,-96.726,"01/07/2020",14640,4
"15033",25.542,-103.453,"01/07/2020",14641,2
"15034",20.676,-103.342,"01/07/2020",14642,2
"15035",32.532,-117.019,"01/07/2020",14643,3
"15036",16.862,-99.887,"01/07/2020",14644,4
"15037",29.075,-110.959,"01/07/2020",14645,3
"15038",18.851,-97.099,"01/07/2020",14646,4
"15039",19.703,-101.192,"01/07/2020",14647,4
"15040",19.431,-99.153,"01/07/2020",14648,4
"15041",25.57,-103.496,"01/07/2020",14649,2
"15042",27.486,-99.508,"01/07/2020",14650,2
"15043",19.431,-99.153,"01/07/2020",14651,4
"15044",20.122,-98.737,"01/07/2020",14652,4
"15045",19.417,-98.945,"01/07/2020",14653,4
"15046",18.813,-98.955,"01/07/2020",14654,4
"15047",22.392,-97.937,"02/07/2020",14655,4
"15048",19.044,-98.198,"02/07/2020",14656,4
"15049",19.044,-98.198,"02/07/2020",14657,4
"15050",19.359,-99.093,"02/07/2020",14658,4
"15052",21.161,-86.825,"02/07/2020",14659,1
"15053",22.246,-97.837,"03/07/2020",14660,4
"15054",22.216,-97.858,"03/07/2020",14661,4
"15055",18.851,-97.099,"03/07/2020",14662,4
"15056",19.19,-96.153,"03/07/2020",14663,4
"15057",19.431,-99.153,"03/07/2020",14664,4
"15058",25.542,-103.453,"03/07/2020",14665,2
"15059",19.431,-99.153,"03/07/2020",14666,4
"15060",16.862,-99.887,"03/07/2020",14667,4
"15061",19.431,-99.153,"03/07/2020",14668,4
"15062",23.731,-99.151,"03/07/2020",14669,2
"15063",21.122,-101.683,"03/07/2020",14670,2
"15064",19.479,-99.233,"03/07/2020",14671,4
"15065",19.557,-99.608,"03/07/2020",14672,4
"15066",20.673,-101.348,"03/07/2020",14673,2
"15067",19.431,-99.153,"04/07/2020",14674,4
"15068",18.861,-97.062,"05/07/2020",14675,4
"15069",22.216,-97.858,"06/07/2020",14676,4
"15070",19.431,-99.153,"06/07/2020",14677,4
"15071",24.809,-107.394,"06/07/2020",14678,3
"15072",19.317,-98.238,"07/07/2020",14679,4
"15073",15.47,-92.916,"07/07/2020",14680,1
"15074",23.2,-106.422,"07/07/2020",14681,2
"15075",19.845,-90.54,"07/07/2020",14682,1
"15076",20.628,-87.076,"07/07/2020",14683,1
"15077",16.862,-99.887,"07/07/2020",14684,4
"15078",22.216,-97.858,"07/07/2020",14685,4
"15079",20.676,-103.342,"08/07/2020",14686,2
"15080",25.665,-100.311,"08/07/2020",14687,2
"15081",16.862,-99.887,"08/07/2020",14688,4
"15082",19.358,-98.977,"08/07/2020",14689,4
"15083",21.507,-104.894,"09/07/2020",14690,2
"15084",22.216,-97.858,"09/07/2020",14691,4
"15085",19.35,-99.162,"09/07/2020",14692,4
"15086",18.922,-99.235,"09/07/2020",14693,4
"15087",24.024,-104.67,"09/07/2020",14694,2
"15088",19.479,-99.233,"09/07/2020",14695,4
"15089",18.851,-97.099,"09/07/2020",14696,4
"15090",19.428,-99.128,"09/07/2020",14697,4
"15091",19.431,-99.153,"10/07/2020",14698,4
"15092",19.431,-99.153,"10/07/2020",14699,4
"15093",21.499,-104.822,"10/07/2020",14700,2
"15094",17.06,-96.726,"10/07/2020",14701,4
"15095",22.216,-97.858,"10/07/2020",14702,4
"15096",16.862,-99.887,"10/07/2020",14703,4
"15097",19.359,-99.093,"11/07/2020",14704,4
"15098",19.915,-90.417,"12/07/2020",14705,1
"15099",19.647,-102.048,"13/07/2020",14706,4
"15101",17.962,-102.198,"13/07/2020",14707,4
"15102",19.431,-99.153,"13/07/2020",14708,4
"15103",19.431,-99.153,"13/07/2020",14709,4
"15104",25.57,-103.496,"13/07/2020",14710,2
"15105",18.626,-100.9,"13/07/2020",14711,4
"15106",28.637,-106.076,"13/07/2020",14712,3
"15107",20.055,-99.343,"14/07/2020",14713,4
"15108",19.703,-101.192,"14/07/2020",14714,4
"15109",19.703,-101.192,"14/07/2020",14715,4
"15110",19.431,-99.153,"14/07/2020",14716,4
"15111",19.407,-99.191,"14/07/2020",14717,4
"15113",24.809,-107.394,"14/07/2020",14718,3
"15114",19.431,-99.153,"14/07/2020",14719,4
"15115",18.922,-99.235,"14/07/2020",14720,4
"15116",19.703,-101.192,"15/07/2020",14721,4
"15117",17.06,-96.726,"15/07/2020",14722,4
"15118",18.922,-99.235,"15/07/2020",14723,4
"15119",19.703,-101.192,"16/07/2020",14724,4
"15120",19.527,-96.923,"16/07/2020",14725,4
"15121",16.862,-99.887,"17/07/2020",14726,4
"15122",21.122,-101.683,"17/07/2020",14727,2
"15123",17.552,-99.501,"17/07/2020",14728,4
"15124",25.542,-103.453,"17/07/2020",14729,2
"15125",16.708,-93.016,"17/07/2020",14730,1
"15126",21.507,-104.894,"17/07/2020",14731,2
"15127",20.676,-103.342,"17/07/2020",14732,2
"15129",16.862,-99.887,"18/07/2020",14733,4
"15130",26.926,-101.449,"18/07/2020",14734,2
"15131",20.967,-89.624,"18/07/2020",14735,1
"15132",16.568,-95.099,"20/07/2020",14736,1
"15133",19.294,-99.657,"20/07/2020",14737,4
"15134",25.665,-100.311,"20/07/2020",14738,2
"15135",16.862,-99.887,"20/07/2020",14739,4
"15136",19.294,-99.657,"20/07/2020",14740,4
"15137",18.138,-94.453,"20/07/2020",14741,1
"15138",26.926,-101.449,"20/07/2020",14742,2
"15139",21.88,-102.296,"20/07/2020",14743,2
"15140",25.57,-103.496,"20/07/2020",14744,2
"15141",19.044,-98.198,"20/07/2020",14745,4
"15142",25.542,-103.453,"20/07/2020",14746,2
"15143",19.431,-99.153,"20/07/2020",14747,4
"15144",18.851,-97.099,"20/07/2020",14748,4
"15145",18.447,-96.36,"20/07/2020",14749,4
"15146",16.862,-99.887,"20/07/2020",14750,4
"15147",19.416,-98.141,"20/07/2020",14751,4
"15148",19.19,-96.153,"20/07/2020",14752,4
"15149",19.407,-99.191,"21/07/2020",14753,4
"15150",19.288,-99.167,"21/07/2020",14754,4
"15151",16.862,-99.887,"21/07/2020",14755,4
"15152",19.431,-99.153,"21/07/2020",14756,4
"15153",24.149,-110.307,"22/07/2020",14757,3
"15154",25.665,-100.311,"22/07/2020",14758,2
"15155",20.072,-98.696,"22/07/2020",14759,4
"15156",17.552,-99.501,"22/07/2020",14760,4
"15157",20.676,-103.342,"22/07/2020",14761,2
"15158",19.431,-99.153,"22/07/2020",14762,4
"15159",25.665,-100.402,"22/07/2020",14763,2
"15160",23.2,-106.422,"23/07/2020",14764,2
"15161",19.421,-102.063,"23/07/2020",14765,4
"15162",19.421,-102.063,"23/07/2020",14766,4
"15163",25.665,-100.311,"23/07/2020",14767,2
"15164",25.781,-100.189,"23/07/2020",14768,2
"15165",19.703,-101.192,"24/07/2020",14769,4
"15166",17.853,-92.93,"24/07/2020",14770,1
"15167",25.88,-97.505,"24/07/2020",14771,2
"15168",19.431,-99.153,"24/07/2020",14772,4
"15169",19.703,-101.192,"27/07/2020",14773,4
"15170",19.431,-99.153,"27/07/2020",14774,4
"15171",17.06,-96.726,"27/07/2020",14775,4
"15172",26.926,-101.449,"28/07/2020",14776,2
"15173",16.754,-93.115,"28/07/2020",14777,1
"15174",19.431,-99.153,"28/07/2020",14778,4
"15175",23.2,-106.422,"28/07/2020",14779,2
"15176",17.06,-96.726,"28/07/2020",14780,4
"15177",17.06,-96.726,"28/07/2020",14781,4
"15178",19.294,-99.657,"29/07/2020",14782,4
"15179",19.407,-99.191,"29/07/2020",14783,4
"15180",19.845,-90.54,"29/07/2020",14784,1
"15181",16.555,-92.807,"29/07/2020",14785,1
"15182",17.06,-96.726,"30/07/2020",14786,4
"15183",17.962,-102.198,"30/07/2020",14787,4
"15184",19.431,-99.153,"30/07/2020",14788,4
"15185",19.437,-100.358,"30/07/2020",14789,4
"15186",19.514,-101.61,"30/07/2020",14790,4
"15187",19.421,-102.063,"30/07/2020",14791,4
"15188",19.984,-102.286,"30/07/2020",14792,2
"15189",18.626,-100.9,"30/07/2020",14793,4
"15190",19.703,-101.192,"30/07/2020",14794,4
"15191",20.342,-102.023,"30/07/2020",14795,2
"15192",19.845,-90.54,"30/07/2020",14796,1
"15193",29.075,-110.959,"30/07/2020",14797,3
"15194",18.5,-88.295,"31/07/2020",14798,1
"15195",14.911,-92.264,"31/07/2020",14799,1
"15196",24.809,-107.394,"31/07/2020",14800,3
"15197",16.754,-93.115,"31/07/2020",14801,1
"15198",16.737,-92.638,"31/07/2020",14802,1
"15199",16.091,-93.752,"31/07/2020",14803,1
"15200",28.637,-106.076,"31/07/2020",14804,3
"15201",16.862,-99.887,"01/08/2020",14805,4
"15202",22.216,-97.858,"01/08/2020",14806,4
"15203",20.477,-97.008,"03/08/2020",14807,4
"15204",32.532,-117.019,"03/08/2020",14808,3
"15205",19.431,-99.153,"03/08/2020",14809,4
"15206",19.703,-101.192,"03/08/2020",14810,4
"15207",24.809,-107.394,"03/08/2020",14811,3
"15208",19.527,-96.923,"03/08/2020",14812,4
"15209",24.779,-107.507,"03/08/2020",14813,3
"15210",19.061,-98.306,"04/08/2020",14814,4
"15211",21.161,-86.825,"04/08/2020",14815,1
"15212",22.891,-109.912,"04/08/2020",14816,3
"15213",24.522,-104.773,"04/08/2020",14817,2
"15214",21.507,-104.894,"04/08/2020",14818,2
"15215",19.431,-99.153,"05/08/2020",14819,4
"15216",19.431,-99.153,"05/08/2020",14820,4
"15217",19.527,-96.923,"06/08/2020",14821,4
"15218",19.431,-99.153,"06/08/2020",14822,4
"15219",16.862,-99.887,"07/08/2020",14823,4
"15220",16.93,-99.802,"07/08/2020",14824,4
"15221",20.673,-101.348,"07/08/2020",14825,2
"15222",20.676,-103.342,"07/08/2020",14826,2
"15223",19.431,-99.153,"07/08/2020",14827,4
"15224",20.967,-89.624,"09/08/2020",14828,1
"15225",20.593,-100.39,"09/08/2020",14829,4
"15226",18.5,-88.295,"09/08/2020",14830,1
"15227",16.754,-93.115,"09/08/2020",14831,1
"15228",19.431,-99.153,"09/08/2020",14832,4
"15229",19.431,-99.153,"09/08/2020",14833,4
"15230",20.676,-103.342,"09/08/2020",14834,2
"15231",18.922,-99.235,"09/08/2020",14835,4
"15232",17.06,-96.726,"09/08/2020",14836,4
"15233",19.044,-98.198,"09/08/2020",14837,4
"15234",16.091,-93.752,"09/08/2020",14838,1
"15235",16.234,-93.27,"09/08/2020",14839,1
"15236",16.253,-92.136,"09/08/2020",14840,1
"15237",16.737,-92.638,"09/08/2020",14841,1
"15238",17.667,-101.591,"09/08/2020",14842,4
"15239",22.216,-97.858,"09/08/2020",14843,4
"15240",19.409,-99.018,"09/08/2020",14844,4
"15241",24.767,-107.697,"09/08/2020",14845,3
"15242",17.865,-93.149,"10/08/2020",14846,1
"15243",28.637,-106.076,"10/08/2020",14847,3
"15244",17.999,-94.636,"10/08/2020",14848,1
"15245",18.138,-94.453,"10/08/2020",14849,1
"15246",19.629,-99.104,"10/08/2020",14850,4
"15247",32.641,-115.476,"10/08/2020",14851,3
"15248",23.731,-99.151,"10/08/2020",14852,2
"15249",20.967,-89.624,"10/08/2020",14853,1
"15250",20.035,-100.719,"10/08/2020",14854,4
"15251",16.862,-99.887,"10/08/2020",14855,4
"15252",19.358,-98.977,"11/08/2020",14856,4
"15253",19.483,-99.114,"11/08/2020",14857,4
"15254",19.431,-99.153,"11/08/2020",14858,4
"15255",16.862,-99.887,"11/08/2020",14859,4
"15256",22.152,-100.977,"11/08/2020",14860,2
"15257",18.5,-88.295,"11/08/2020",14861,1
"15258",19.431,-99.153,"11/08/2020",14862,4
"15259",16.862,-99.887,"11/08/2020",14863,4
"15260",17.06,-96.726,"12/08/2020",14864,4
"15261",19.431,-99.153,"12/08/2020",14865,4
"15262",25.88,-97.505,"13/08/2020",14866,2
"15263",22.776,-102.572,"13/08/2020",14867,2
"15264",21.122,-101.683,"14/08/2020",14868,2
"15265",16.862,-99.887,"14/08/2020",14869,4
"15266",19.599,-99.049,"16/08/2020",14870,4
"15267",25.758,-102.983,"17/08/2020",14871,2
"15268",17.988,-92.919,"17/08/2020",14872,1
"15269",23.731,-99.151,"17/08/2020",14873,2
"15270",26.401,-99.026,"17/08/2020",14874,2
"15271",25.67,-97.814,"17/08/2020",14875,2
"15272",22.216,-97.858,"17/08/2020",14876,4
"15273",25.88,-97.505,"17/08/2020",14877,2
"15274",22.392,-97.937,"17/08/2020",14878,4
"15275",23.406,-99.381,"17/08/2020",14879,2
"15276",24.849,-98.16,"17/08/2020",14880,2
"15277",26.092,-98.278,"17/08/2020",14881,2
"15278",24.049,-98.903,"17/08/2020",14882,2
"15279",19.19,-96.153,"17/08/2020",14883,4
"15280",22.744,-98.972,"17/08/2020",14884,2
"15281",27.486,-99.508,"17/08/2020",14885,2
"15282",19.527,-96.923,"17/08/2020",14886,4
"15283",24.809,-107.394,"17/08/2020",14887,3
"15284",17.988,-92.919,"19/08/2020",14888,1
"15285",28.637,-106.076,"19/08/2020",14889,3
"15286",23.731,-99.151,"19/08/2020",14890,2
"15287",19.288,-99.167,"19/08/2020",14891,4
"15288",25.665,-100.311,"19/08/2020",14892,2
"15289",25.665,-100.311,"20/08/2020",14893,2
"15290",21.122,-101.683,"20/08/2020",14894,2
"15291",19.431,-99.153,"21/08/2020",14895,4
"15292",25.665,-100.311,"23/08/2020",14896,2
"15293",20.967,-89.624,"23/08/2020",14897,1
"15294",16.754,-93.115,"24/08/2020",14898,1
"15295",26.092,-98.278,"24/08/2020",14899,2
"15296",20.522,-100.814,"24/08/2020",14900,4
"15297",19.431,-99.153,"24/08/2020",14901,4
"15298",25.665,-100.311,"24/08/2020",14902,2
"15299",19.431,-99.153,"25/08/2020",14903,4
"15300",16.878,-95.042,"25/08/2020",14904,1
"15301",22.776,-102.572,"25/08/2020",14905,2
"15302",25.88,-97.505,"25/08/2020",14906,2
"15303",21.122,-101.683,"25/08/2020",14907,2
"15304",19.845,-90.54,"26/08/2020",14908,1
"15305",19.261,-98.896,"26/08/2020",14909,4
"15306",19.317,-98.238,"26/08/2020",14910,4
"15307",17.267,-97.68,"27/08/2020",14911,4
"15308",16.862,-99.887,"28/08/2020",14912,4
"15309",19.431,-99.153,"28/08/2020",14913,4
"15310",17.988,-92.919,"31/08/2020",14914,1
"15311",17.552,-99.501,"31/08/2020",14915,4
"15312",19.431,-99.153,"31/08/2020",14916,4
"15313",19.294,-99.657,"31/08/2020",14917,4
"15314",19.665,-99.179,"31/08/2020",14918,4
"15315",19.294,-99.657,"01/09/2020",14919,4
"15316",19.181,-99.467,"01/09/2020",14920,4
"15317",19.431,-99.153,"03/09/2020",14921,4
"15318",19.431,-99.153,"03/09/2020",14922,4
"15319",19.431,-99.153,"03/09/2020",14923,4
"15320",20.055,-99.343,"03/09/2020",14924,4
"15321",22.776,-102.572,"03/09/2020",14925,2
"15322",16.862,-99.887,"03/09/2020",14926,4
"15323",25.665,-100.311,"04/09/2020",14927,2
"15324",17.06,-96.726,"04/09/2020",14928,4
"15325",20.721,-103.388,"04/09/2020",14929,2
"15326",19.181,-99.467,"07/09/2020",14930,4
"15327",25.89,-103.62,"07/09/2020",14931,2
"15328",19.527,-96.923,"07/09/2020",14932,4
"15329",22.776,-102.572,"07/09/2020",14933,2
"15330",19.409,-99.018,"08/09/2020",14934,4
"15331",20.269,-98.943,"08/09/2020",14935,4
"15332",19.407,-99.191,"11/09/2020",14936,4
"15333",25.57,-103.496,"11/09/2020",14937,2
"15335",19.288,-99.167,"13/09/2020",14938,4
"15336",25.665,-100.311,"15/09/2020",14939,2
"15337",16.862,-99.887,"15/09/2020",14940,4
"15338",18.5,-88.295,"15/09/2020",14941,1
"15339",20.676,-103.342,"20/09/2020",14942,2
"15340",14.911,-92.264,"21/09/2020",14943,1
"15341",19.599,-99.049,"22/09/2020",14944,4
"15342",20.122,-98.737,"23/09/2020",14945,4
"15343",19.479,-99.233,"23/09/2020",14946,4
"15344",32.641,-115.476,"24/09/2020",14947,3
"15345",21.507,-104.894,"26/09/2020",14948,2
"15346",19.664,-101.524,"28/09/2020",14949,4
"15347",30.563,-115.943,"28/09/2020",14950,3
"15348",32.532,-117.019,"28/09/2020",14951,3
"15349",17.213,-100.433,"28/09/2020",14952,4
"15350",19.294,-99.657,"29/09/2020",14953,4
"15351",19.431,-99.153,"30/09/2020",14954,4
"15352",17.06,-96.726,"30/09/2020",14955,4
"15353",20.676,-103.342,"01/10/2020",14956,2
"15354",25.537,-103.525,"02/10/2020",14957,2
"15355",29.075,-110.959,"04/10/2020",14958,3
"15356",19.431,-99.153,"05/10/2020",14959,4
"15357",21.507,-104.894,"05/10/2020",14960,2
"15358",19.431,-99.153,"06/10/2020",14961,4
"15359",20.008,-99.22,"06/10/2020",14962,4
"15360",24.809,-107.394,"07/10/2020",14963,3
"15361",19.431,-99.153,"08/10/2020",14964,4
"15362",22.776,-102.572,"13/10/2020",14965,2
"15363",17.651,-101.548,"13/10/2020",14966,4
"15364",24.024,-104.67,"14/10/2020",14967,2
"15365",16.754,-93.115,"16/10/2020",14968,1
"15366",19.431,-99.153,"16/10/2020",14969,4
"15367",16.862,-99.887,"19/10/2020",14970,4
"15368",24.809,-107.394,"21/10/2020",14971,3
"15369",16.862,-99.887,"22/10/2020",14972,4
"15370",19.419,-99.114,"22/10/2020",14973,4
"15371",18.851,-97.099,"22/10/2020",14974,4
"15372",19.294,-99.657,"22/10/2020",14975,4
"15373",18.09,-92.138,"25/10/2020",14976,1
"15374",19.431,-99.153,"26/10/2020",14977,4
"15375",21.507,-104.894,"26/10/2020",14978,2
"15376",19.479,-99.233,"27/10/2020",14979,4
"15377",19.283,-98.436,"28/10/2020",14980,4
"15378",19.372,-99.158,"29/10/2020",14981,4
"15379",19.431,-99.153,"29/10/2020",14982,4
"15380",19.431,-99.153,"29/10/2020",14983,4
"15381",20.676,-103.342,"29/10/2020",14984,2
"15382",19.409,-99.018,"30/10/2020",14985,4
"15383",22.776,-102.572,"31/10/2020",14986,2
"15384",17.552,-99.501,"02/11/2020",14987,4
"15385",16.862,-99.887,"02/11/2020",14988,4
"15386",29.075,-110.959,"02/11/2020",14989,3
"15387",19.599,-99.049,"03/11/2020",14990,4
"15388",19.35,-99.162,"03/11/2020",14991,4
"15389",32.532,-117.019,"04/11/2020",14992,3
"15390",19.479,-99.233,"04/11/2020",14993,4
"15391",19.35,-99.162,"05/11/2020",14994,4
"15392",20.676,-103.342,"05/11/2020",14995,2
"15393",22.152,-100.977,"06/11/2020",14996,2
"15394",23.062,-109.695,"07/11/2020",14997,3
"15395",23.2,-106.422,"09/11/2020",14998,2
"15396",28.637,-106.076,"09/11/2020",14999,3
"15397",31.747,-106.485,"09/11/2020",15000,3
"15398",18.894,-96.935,"09/11/2020",15001,4
"15399",16.862,-99.887,"11/11/2020",15002,4
"15400",19.19,-96.153,"11/11/2020",15003,4
"15401",16.862,-99.887,"12/11/2020",15004,4
"15402",19.845,-90.54,"13/11/2020",15005,1
"15403",25.57,-103.496,"13/11/2020",15006,2
"15404",17.552,-99.501,"14/11/2020",15007,4
"15405",19.431,-99.153,"16/11/2020",15008,4
"15406",19.431,-99.153,"18/11/2020",15009,4
"15407",19.431,-99.153,"18/11/2020",15010,4
"15408",25.88,-97.505,"19/11/2020",15011,2
"15409",19.358,-98.977,"20/11/2020",15012,4
"15410",17.125,-100.352,"22/11/2020",15013,4
"15411",32.641,-115.476,"23/11/2020",15014,3
"15412",19.703,-101.192,"23/11/2020",15015,4
"15413",19.431,-99.153,"24/11/2020",15016,4
"15414",25.537,-103.525,"25/11/2020",15017,2
"15415",19.317,-98.238,"25/11/2020",15018,4
"15416",19.431,-99.153,"26/11/2020",15019,4
"15417",19.431,-99.153,"26/11/2020",15020,4
"15418",19.431,-99.153,"26/11/2020",15021,4
"15419",20.967,-89.624,"27/11/2020",15022,1
"15420",20.676,-103.342,"29/11/2020",15023,2
"15421",19.288,-99.167,"30/11/2020",15024,4
"15422",16.862,-99.887,"30/11/2020",15025,4
"15423",17.807,-97.776,"30/11/2020",15026,4
"15424",19.431,-99.153,"01/12/2020",15027,4
"15425",19.294,-99.657,"01/12/2020",15028,4
"15426",17.06,-96.726,"01/12/2020",15029,4
"15427",18.344,-99.538,"02/12/2020",15030,4
"15428",17.552,-99.501,"02/12/2020",15031,4
"15429",18.557,-99.605,"02/12/2020",15032,4
"15430",17.651,-101.548,"02/12/2020",15033,4
"15431",16.862,-99.887,"02/12/2020",15034,4
"15432",19.431,-99.153,"03/12/2020",15035,4
"15433",25.57,-103.496,"03/12/2020",15036,2
"15434",19.479,-99.233,"03/12/2020",15037,4
"15435",31.747,-106.485,"04/12/2020",15038,3
"15436",28.637,-106.076,"04/12/2020",15039,3
"15437",17.027,-96.734,"04/12/2020",15040,4
"15438",19.407,-99.191,"04/12/2020",15041,4
"15439",25.665,-100.311,"04/12/2020",15042,2
"15440",17.552,-99.501,"04/12/2020",15043,4
"15441",20.623,-103.246,"04/12/2020",15044,2
"15442",16.862,-99.887,"05/12/2020",15045,4
"15443",19.703,-101.192,"07/12/2020",15046,4
"15444",19.431,-99.153,"07/12/2020",15047,4
"15445",19.629,-99.104,"07/12/2020",15048,4
"15446",19.479,-99.233,"07/12/2020",15049,4
"15447",17.06,-96.726,"07/12/2020",15050,4
"15448",19.431,-99.153,"08/12/2020",15051,4
"15449",19.288,-99.167,"09/12/2020",15052,4
"15450",19.19,-96.153,"10/12/2020",15053,4
"15451",19.044,-98.198,"10/12/2020",15054,4
"15452",25.665,-100.311,"10/12/2020",15055,2
"15453",32.641,-115.476,"10/12/2020",15056,3
"15454",18.851,-97.099,"11/12/2020",15057,4
